name,type,L,s,apx,apy,system,subsystem,inst,dtype,device,desc
REA_RFQ:BGV_D1035,VALVE,0.035,103.5400024,0.0762,0.0762,REA,RFQ,D1035,NONE,BGV,Beamline Gate Valve
REA_RFQ:BGV_DFT_D1035_1,DRIFT,0.1632337,103.63911925,0.0762,0.0762,NONE,NONE,NONE,NONE,NONE,drift_171
REA_RFQ:BGV_DFT_D1035_2,DRIFT,0.0,103.7207361,0.0762,0.0762,NONE,NONE,NONE,NONE,NONE,BOX4
REA_RFQ:BGV_DFT_D1035_3,DRIFT,0.027051,103.7342616,0.0762,0.0762,NONE,NONE,NONE,NONE,NONE,drift_173
REA_BTS20:SLH_D1037,SLT,0.0,103.7477871,0.0762,0.0762,REA,BTS20,D1037,SLH,SLH,Horizontal Slit
REA_BTS20:SLH_DFT_D1037,DRIFT,0.007366,103.7514701,0.0762,0.0762,NONE,NONE,NONE,NONE,NONE,drift_175
REA_BTS20:SLV_D1038,SLT,0.0,103.7551531,0.0762,0.0762,REA,BTS20,D1038,SLV,SLV,Vertical Slit
REA_BTS20:SLV_DFT_D1038,DRIFT,-0.059614,103.7253461,0.0762,0.0762,NONE,NONE,NONE,NONE,NONE,drift_177
REA_BTS20:ATP_D1037,ATT,0.0,103.6955391,0.0762,0.0762,REA,BTS20,D1037,ATP,ATP,Vertical Slit
REA_BTS20:ATP_DFT_D1037,DRIFT,0.170834,103.7809561,0.0762,0.0762,NONE,NONE,NONE,NONE,NONE,drift_179
REA_BTS20:DD_D1039,SLT,0.0,103.8663731,0.0762,0.0762,REA,BTS20,D1039,DD,DD,"45deg Slit Drive, Top-Right"
REA_BTS20:DD_DFT_D1039,DRIFT,0.035338,103.8840421,0.0762,0.0762,NONE,NONE,NONE,NONE,NONE,drift_181
REA_BTS20:TID_D1039,SD,0.0,103.9017111,0.0762,0.0762,REA,BTS20,D1039,TID,TID,Timing Detector
REA_BTS20:TID_DFT_D1039,DRIFT,0.03241,103.9179161,0.0762,0.0762,NONE,NONE,NONE,NONE,NONE,drift_183
REA_BTS20:FC_D1039,FC,0.0,103.9341211,0.0762,0.0762,REA,BTS20,D1039,FC,FC,Faraday Cup
REA_BTS20:FC_DFT_D1039,DRIFT,0.2089608,104.0386015,0.0762,0.0762,NONE,NONE,NONE,NONE,NONE,drift_185
REA_CK01:BGV_D1042,VALVE,0.035,104.1605819,0.0508,0.0508,REA,CK01,D1042,NONE,BGV,Beamline Gate Valve
REA_CK01:BGV_DFT_D1042,DRIFT,0.2310579,104.29361085,0.0508,0.0508,NONE,NONE,NONE,NONE,NONE,drift_187
REA_CK01:SOL_D1045,SOLCOR,0.2,104.5091398,0.02,0.02,REA,CK01,D1045,SOL_SOL,SOL,9T SC Solenoid + Corrector Pair
REA_CK01:DCH_D1045,HCOR,0.0,104.5091398,0.02,0.02,REA,CK01,D1045,SOL,DCH,horiz. corrector magnet
REA_CK01:DCV_D1045,VCOR,0.0,104.5091398,0.02,0.02,REA,CK01,D1045,SOL,DCV,vert. corrector magnet
REA_CK01:SOL_DFT_D1045,DRIFT,0.1229983,104.67063895,0.02,0.02,NONE,NONE,NONE,NONE,NONE,drift_189
REA_CK01:CAV_D1049,CAV,0.24,104.8521381,0.015,0.015,REA,CK01,D1049,"Cavity, Beta = 0.041",CAV,"Cavity, Beta = 0.041"
REA_CK01:CAV_DFT_D1049,DRIFT,0.1229983,105.03363725,0.015,0.015,NONE,NONE,NONE,NONE,NONE,drift_191
REA_CK01:SOL_D1052,SOLCOR,0.2,105.1951364,0.02,0.02,REA,CK01,D1052,SOL_SOL,SOL,9T SC Solenoid + Corrector Pair
REA_CK01:DCH_D1052,HCOR,0.0,105.1951364,0.02,0.02,REA,CK01,D1052,SOL,DCH,horiz. corrector magnet
REA_CK01:DCV_D1052,VCOR,0.0,105.1951364,0.02,0.02,REA,CK01,D1052,SOL,DCV,vert. corrector magnet
REA_CK01:SOL_DFT_D1052,DRIFT,0.2310578,105.4106653,0.02,0.02,NONE,NONE,NONE,NONE,NONE,drift_193
REA_CK01:BGV_D1055,VALVE,0.035,105.5436942,0.0508,0.0508,REA,CK01,D1055,NONE,BGV,Beamline Gate Valve
REA_CK01:BGV_DFT_D1055_1,DRIFT,0.0,105.5436942,0.0508,0.0508,NONE,NONE,NONE,NONE,NONE,BOX5
REA_CK01:BGV_DFT_D1055_2,DRIFT,0.2722376,105.697313,0.0508,0.0508,NONE,NONE,NONE,NONE,NONE,drift_197
REA_WK01:DD_D1058,SLT,0.0,105.8334318,0.0508,0.0508,REA,WK01,D1058,DD,DD,45deg Slit Drive
REA_WK01:DD_DFT_D1058,DRIFT,0.018213,105.8425383,0.0508,0.0508,NONE,NONE,NONE,NONE,NONE,drift_199
REA_WK01:AP_D1059,AP,0.0,105.8516448,0.0508,0.0508,REA,WK01,D1059,AP,AP,Defining Aperture
REA_WK01:AP_DFT_D1059,DRIFT,-0.017821,105.8427343,0.0508,0.0508,NONE,NONE,NONE,NONE,NONE,drift_201
REA_WK01:FSD_D1058,SD,0.0,105.8338238,0.0508,0.0508,REA,WK01,D1058,FSD,FSD,Foil Si Detector
REA_WK01:FSD_DFT_D1058,DRIFT,0.034946,105.8512968,0.0508,0.0508,NONE,NONE,NONE,NONE,NONE,drift_203
REA_WK01:TID_D1059,SD,0.0,105.8687698,0.0508,0.0508,REA,WK01,D1059,TID,TID,Timing Detector
REA_WK01:TID_DFT_D1059,DRIFT,0.03241,105.8849748,0.0508,0.0508,NONE,NONE,NONE,NONE,NONE,drift_205
REA_WK01:FC_D1059,FC,0.0,105.9011798,0.0508,0.0508,REA,WK01,D1059,FC,FC,Faraday Cup
REA_WK01:FC_DFT_D1059,DRIFT,0.3113859,106.05687275,0.0508,0.0508,NONE,NONE,NONE,NONE,NONE,drift_207
REA_CL01:BGV_D1062,VALVE,0.035,106.2300657,0.0508,0.0508,REA,CL01,D1062,NONE,BGV,Beamline Gate Valve
REA_CL01:BGV_DFT_D1062,DRIFT,0.1510818,106.3231066,0.0508,0.0508,NONE,NONE,NONE,NONE,NONE,drift_209
REA_CL01:CAV_D1065,CAV,0.24,106.5186475,0.015,0.015,REA,CL01,D1065,"Cavity, Beta = 0.041",CAV,"Cavity, Beta = 0.041"
REA_CL01:CAV_DFT_D1065,DRIFT,0.1230016,106.7001483,0.015,0.015,NONE,NONE,NONE,NONE,NONE,drift_211
REA_CL01:SOL_D1069,SOLCOR,0.2,106.8616491,0.02,0.02,REA,CL01,D1069,SOL_SOL,SOL,9T SC Solenoid + Corrector Pair
REA_CL01:DCH_D1069,HCOR,0.0,106.8616491,0.02,0.02,REA,CL01,D1069,SOL,DCH,horiz. corrector magnet
REA_CL01:DCV_D1069,VCOR,0.0,106.8616491,0.02,0.02,REA,CL01,D1069,SOL,DCV,vert. corrector magnet
REA_CL01:SOL_DFT_D1069,DRIFT,0.122995,107.0231466,0.02,0.02,NONE,NONE,NONE,NONE,NONE,drift_213
REA_CL01:CAV_D1072,CAV,0.24,107.2046441,0.015,0.015,REA,CL01,D1072,"Cavity, Beta = 0.041",CAV,"Cavity, Beta = 0.041"
REA_CL01:CAV_DFT_D1072,DRIFT,0.0350246,107.3421564,0.015,0.015,NONE,NONE,NONE,NONE,NONE,drift_215
REA_CL01:CAV_D1075,CAV,0.24,107.4796687,0.015,0.015,REA,CL01,D1075,"Cavity, Beta = 0.041",CAV,"Cavity, Beta = 0.041"
REA_CL01:CAV_DFT_D1075,DRIFT,0.1230016,107.6611695,0.015,0.015,NONE,NONE,NONE,NONE,NONE,drift_217
REA_CL01:SOL_D1078,SOLCOR,0.2,107.8226703,0.02,0.02,REA,CL01,D1078,SOL_SOL,SOL,9T SC Solenoid + Corrector Pair
REA_CL01:DCH_D1078,HCOR,0.0,107.8226703,0.02,0.02,REA,CL01,D1078,SOL,DCH,horiz. corrector magnet
REA_CL01:DCV_D1078,VCOR,0.0,107.8226703,0.02,0.02,REA,CL01,D1078,SOL,DCV,vert. corrector magnet
REA_CL01:SOL_DFT_D1078,DRIFT,0.1230016,107.9841711,0.02,0.02,NONE,NONE,NONE,NONE,NONE,drift_219
REA_CL01:CAV_D1082,CAV,0.24,108.1656719,0.015,0.015,REA,CL01,D1082,"Cavity, Beta = 0.041",CAV,"Cavity, Beta = 0.041"
REA_CL01:CAV_DFT_D1082,DRIFT,0.0350246,108.3031842,0.015,0.015,NONE,NONE,NONE,NONE,NONE,drift_221
REA_CL01:CAV_D1084,CAV,0.24,108.4406965,0.015,0.015,REA,CL01,D1084,"Cavity, Beta = 0.041",CAV,"Cavity, Beta = 0.041"
REA_CL01:CAV_DFT_D1084,DRIFT,0.122995,108.622194,0.015,0.015,NONE,NONE,NONE,NONE,NONE,drift_223
REA_CL01:SOL_D1088,SOLCOR,0.2,108.7836915,0.02,0.02,REA,CL01,D1088,SOL_SOL,SOL,9T SC Solenoid + Corrector Pair
REA_CL01:DCH_D1088,HCOR,0.0,108.7836915,0.02,0.02,REA,CL01,D1088,SOL,DCH,horiz. corrector magnet
REA_CL01:DCV_D1088,VCOR,0.0,108.7836915,0.02,0.02,REA,CL01,D1088,SOL,DCV,vert. corrector magnet
REA_CL01:SOL_DFT_D1088,DRIFT,0.1230016,108.9451923,0.02,0.02,NONE,NONE,NONE,NONE,NONE,drift_225
REA_CL01:CAV_D1091,CAV,0.24,109.1266931,0.015,0.015,REA,CL01,D1091,"Cavity, Beta = 0.041",CAV,"Cavity, Beta = 0.041"
REA_CL01:CAV_DFT_D1091,DRIFT,0.1510818,109.322234,0.015,0.015,NONE,NONE,NONE,NONE,NONE,drift_227
REA_CL01:BGV_D1094,VALVE,0.035,109.4152749,0.0508,0.0508,REA,CL01,D1094,NONE,BGV,Beamline Gate Valve
REA_CL01:BGV_DFT_D1094_1,DRIFT,0.0,109.4152749,0.0508,0.0508,NONE,NONE,NONE,NONE,NONE,BOX6
REA_CL01:BGV_DFT_D1094_2,DRIFT,0.1856505,109.52560015,0.0508,0.0508,NONE,NONE,NONE,NONE,NONE,drift_231
REA_WL01:DD_D1096,SLT,0.0,109.6184254,0.0508,0.0508,REA,WL01,D1096,DD,DD,45deg Slit Drive
REA_WL01:DD_DFT_D1096,DRIFT,0.000391999999991,109.6186214,0.0508,0.0508,NONE,NONE,NONE,NONE,NONE,drift_233
REA_WL01:FSD_D1096,SD,0.0,109.6188174,0.0508,0.0508,REA,WL01,D1096,FSD,FSD,Foil Si Detector
REA_WL01:FSD_DFT_D1096,DRIFT,0.034946,109.6362904,0.0508,0.0508,NONE,NONE,NONE,NONE,NONE,drift_235
REA_WL01:TID_D1097,SD,0.0,109.6537634,0.0508,0.0508,REA,WL01,D1097,TID,TID,Timing Detector
REA_WL01:TID_DFT_D1097,DRIFT,0.03241,109.6699684,0.0508,0.0508,NONE,NONE,NONE,NONE,NONE,drift_237
REA_WL01:FC_D1097,FC,0.0,109.6861734,0.0508,0.0508,REA,WL01,D1097,FC,FC,Faraday Cup
REA_WL01:FC_DFT_D1097,DRIFT,0.1494229,109.76088485,0.0508,0.0508,NONE,NONE,NONE,NONE,NONE,drift_239
REA_CM01:BGV_D1099,VALVE,0.035,109.8530963,0.0508,0.0508,REA,CM01,D1099,NONE,BGV,Beamline Gate Valve
REA_CM01:BGV_DFT_D1099,DRIFT,0.1824167,109.96180465,0.0508,0.0508,NONE,NONE,NONE,NONE,NONE,drift_241
REA_CM01:CAV_D1102,CAV,0.3,110.203013,0.015,0.015,REA,CM01,D1102,"Cavity, Beta = 0.085",CAV,"Cavity, Beta = 0.085"
REA_CM01:CAV_DFT_D1102,DRIFT,0.1543299,110.43017795,0.015,0.015,NONE,NONE,NONE,NONE,NONE,drift_243
REA_CM01:SOL_D1106,SOLCOR,0.2,110.6073429,0.02,0.02,REA,CM01,D1106,SOL_SOL,SOL,9T SC Solenoid + Corrector Pair
REA_CM01:DCH_D1106,HCOR,0.0,110.6073429,0.02,0.02,REA,CM01,D1106,SOL,DCH,horiz. corrector magnet
REA_CM01:DCV_D1106,VCOR,0.0,110.6073429,0.02,0.02,REA,CM01,D1106,SOL,DCV,vert. corrector magnet
REA_CM01:SOL_DFT_D1106,DRIFT,0.1543299,110.78450785,0.02,0.02,NONE,NONE,NONE,NONE,NONE,drift_245
REA_CM01:CAV_D1111,CAV,0.3,111.0116728,0.015,0.015,REA,CM01,D1111,"Cavity, Beta = 0.085",CAV,"Cavity, Beta = 0.085"
REA_CM01:CAV_DFT_D1111,DRIFT,0.0976878,111.2105167,0.015,0.015,NONE,NONE,NONE,NONE,NONE,drift_247
REA_CM01:CAV_D1115,CAV,0.3,111.4093606,0.015,0.015,REA,CM01,D1115,"Cavity, Beta = 0.085",CAV,"Cavity, Beta = 0.085"
REA_CM01:CAV_DFT_D1115,DRIFT,0.0976878,111.6082045,0.015,0.015,NONE,NONE,NONE,NONE,NONE,drift_249
REA_CM01:CAV_D1118,CAV,0.3,111.8070484,0.015,0.015,REA,CM01,D1118,"Cavity, Beta = 0.085",CAV,"Cavity, Beta = 0.085"
REA_CM01:CAV_DFT_D1118,DRIFT,0.1543299,112.03421335,0.015,0.015,NONE,NONE,NONE,NONE,NONE,drift_251
REA_CM01:SOL_D1123,SOLCOR,0.2,112.2113783,0.02,0.02,REA,CM01,D1123,SOL_SOL,SOL,9T SC Solenoid + Corrector Pair
REA_CM01:DCH_D1123,HCOR,0.0,112.2113783,0.02,0.02,REA,CM01,D1123,SOL,DCH,horiz. corrector magnet
REA_CM01:DCV_D1123,VCOR,0.0,112.2113783,0.02,0.02,REA,CM01,D1123,SOL,DCV,vert. corrector magnet
REA_CM01:SOL_DFT_D1123,DRIFT,0.1543299,112.38854325,0.02,0.02,NONE,NONE,NONE,NONE,NONE,drift_253
REA_CM01:CAV_D1127,CAV,0.3,112.6157082,0.015,0.015,REA,CM01,D1127,"Cavity, Beta = 0.085",CAV,"Cavity, Beta = 0.085"
REA_CM01:CAV_DFT_D1127,DRIFT,0.0976878,112.8145521,0.015,0.015,NONE,NONE,NONE,NONE,NONE,drift_255
REA_CM01:CAV_D1131,CAV,0.3,113.013396,0.015,0.015,REA,CM01,D1131,"Cavity, Beta = 0.085",CAV,"Cavity, Beta = 0.085"
REA_CM01:CAV_DFT_D1131,DRIFT,0.0976878,113.2122399,0.015,0.015,NONE,NONE,NONE,NONE,NONE,drift_257
REA_CM01:CAV_D1135,CAV,0.3,113.4110838,0.015,0.015,REA,CM01,D1135,"Cavity, Beta = 0.085",CAV,"Cavity, Beta = 0.085"
REA_CM01:CAV_DFT_D1135,DRIFT,0.1543299,113.63824875,0.015,0.015,NONE,NONE,NONE,NONE,NONE,drift_259
REA_CM01:SOL_D1139,SOLCOR,0.2,113.8154137,0.02,0.02,REA,CM01,D1139,SOL_SOL,SOL,9T SC Solenoid + Corrector Pair
REA_CM01:DCH_D1139,HCOR,0.0,113.8154137,0.02,0.02,REA,CM01,D1139,SOL,DCH,horiz. corrector magnet
REA_CM01:DCV_D1139,VCOR,0.0,113.8154137,0.02,0.02,REA,CM01,D1139,SOL,DCV,vert. corrector magnet
REA_CM01:SOL_DFT_D1139,DRIFT,0.1543299,113.99257865,0.02,0.02,NONE,NONE,NONE,NONE,NONE,drift_261
REA_CM01:CAV_D1143,CAV,0.3,114.2197436,0.015,0.015,REA,CM01,D1143,"Cavity, Beta = 0.085",CAV,"Cavity, Beta = 0.085"
REA_CM01:CAV_DFT_D1143,DRIFT,0.1824167,114.4609519,0.015,0.015,NONE,NONE,NONE,NONE,NONE,drift_265
REA_CM01:BGV_D1146,VALVE,0.035,114.5696603,0.0508,0.0508,REA,CM01,D1146,NONE,BGV,Beamline Gate Valve
REA_CM01:BGV_DFT_D1146_1,DRIFT,0.0,114.5696603,0.0508,0.0508,NONE,NONE,NONE,NONE,NONE,BOX7
REA_CM01:BGV_DFT_D1146_2,DRIFT,0.2302514,114.702286,0.0508,0.0508,NONE,NONE,NONE,NONE,NONE,drift_269
REA_WM01:DD_D1148,SLT,0.0,114.8174117,0.0508,0.0508,REA,WM01,D1148,DD,DD,45deg Slit Drive
REA_WM01:DD_DFT_D1148,DRIFT,0.000391999999991,114.8176077,0.0508,0.0508,NONE,NONE,NONE,NONE,NONE,drift_271
REA_WM01:FSD_D1148,SD,0.0,114.8178037,0.0508,0.0508,REA,WM01,D1148,FSD,FSD,Foil Si Detector
REA_WM01:FSD_DFT_D1148,DRIFT,0.034946,114.8352767,0.0508,0.0508,NONE,NONE,NONE,NONE,NONE,drift_273
REA_WM01:TID_D1149,SD,0.0,114.8527497,0.0508,0.0508,REA,WM01,D1149,TID,TID,Timing Detector
REA_WM01:TID_DFT_D1149,DRIFT,0.03241,114.8689547,0.0508,0.0508,NONE,NONE,NONE,NONE,NONE,drift_275
REA_WM01:FC_D1149,FC,0.0,114.8851597,0.0508,0.0508,REA,WM01,D1149,FC,FC,Faraday Cup
REA_WM01:FC_DFT_D1149,DRIFT,0.270787230986,115.020553315,0.0508,0.0508,NONE,NONE,NONE,NONE,NONE,drift_277
REA_BTS23:ROT_D1152,ROT,0.0,115.155946931,0.04,0.04,REA,BTS23,D1152,ROT,ROT,"Virtual element for xy rotation 90 deg, FLAME"
REA_BTS23:DV_D1155,BEND,0.75,115.530946931,0.04,0.04,REA,BTS23,D1155,BEND_DV,DV,"Dipole magnet, vertical, RT"
REA_BTS23:ROT_D1159,ROT,0.0,115.905946931,0.04,0.04,REA,BTS23,D1159,ROT,ROT,"Virtual element for xy rotation -90 deg, FLAME"
REA_BTS23:ROT_DFT_D1159,DRIFT,0.132312130986,115.972102996,0.04,0.04,NONE,NONE,NONE,NONE,NONE,drift_281
REA_BTS25:BGV_D1161,VALVE,0.035,116.055759062,0.0762,0.0762,REA,BTS25,D1161,NONE,BGV,Beamline Gate Valve
REA_BTS25:BGV_DFT_D1161,DRIFT,0.2072612,116.176889662,0.0762,0.0762,NONE,NONE,NONE,NONE,NONE,drift_283
REA_BTS25:Q_D1164,QUAD,0.15,116.355520262,0.0635,0.0635,REA,BTS25,D1164,QUAD_Q,Q,"Quad, RT, horizontal"
REA_BTS25:Q_DFT_D1164_1,DRIFT,0.1702341,116.515637312,0.0635,0.0635,NONE,NONE,NONE,NONE,NONE,drift_285
REA_BTS25:Q_DFT_D1164_2,DRIFT,0.0,116.600754362,0.0635,0.0635,NONE,NONE,NONE,NONE,NONE,BOX9
REA_BTS25:Q_DFT_D1164_3,DRIFT,-0.038829,116.581339862,0.0635,0.0635,NONE,NONE,NONE,NONE,NONE,drift_287
REA_BTS25:SLB_D1166,SLT,0.0,116.561925362,0.0635,0.0635,REA,BTS25,D1166,SLB,SLB,Vertical Slit
REA_BTS25:SLT_D1166,SLT,0.0,116.561925362,0.0635,0.0635,REA,BTS25,D1166,SLT,SLT,Vertical Slit
REA_BTS25:SLT_DFT_D1166,DRIFT,0.2690888,116.696469762,0.0635,0.0635,NONE,NONE,NONE,NONE,NONE,drift_291
REA_BTS25:Q_D1169,QUAD,0.15,116.906014162,0.0635,0.0635,REA,BTS25,D1169,QUAD_Q,Q,"Quad, RT, vertical"
REA_BTS25:Q_DFT_D1169,DRIFT,0.154562105,117.058295214,0.0635,0.0635,NONE,NONE,NONE,NONE,NONE,drift_293
REA_BTS25:DCHV_D1172,COR,0.08000999,117.175581262,0.0635,0.0635,REA,BTS25,D1172,DCHV,DCHV,"Correctors, X-Y, RT"
REA_BTS25:DCH_D1172,HCOR,0.0,117.175581262,0.0635,0.0635,REA,BTS25,D1172,DCHV,DCH,horiz. corrector magnet
REA_BTS25:DCV_D1172,VCOR,0.0,117.175581262,0.0635,0.0635,REA,BTS25,D1172,DCHV,DCV,vert. corrector magnet
REA_BTS25:DCHV_DFT_D1172,DRIFT,0.090331705,117.260752109,0.0635,0.0635,NONE,NONE,NONE,NONE,NONE,drift_295
REA_BTS25:Q_D1174,QUAD,0.15,117.380917962,0.0635,0.0635,REA,BTS25,D1174,QUAD_Q,Q,"Quad, RT, horizontal"
REA_BTS25:Q_DFT_D1174_1,DRIFT,0.0,117.380917962,0.0635,0.0635,NONE,NONE,NONE,NONE,NONE,BOX10
REA_BTS25:Q_DFT_D1174_2,DRIFT,0.299571,117.605703462,0.0635,0.0635,NONE,NONE,NONE,NONE,NONE,drift_299
REA_BTS25:VD_D1178,VD,0.0,117.755488962,0.0635,0.0635,REA,BTS25,D1178,VD,VD,Viewer Plate
REA_BTS25:VD_DFT_D1178,DRIFT,0.03241,117.771693962,0.0635,0.0635,NONE,NONE,NONE,NONE,NONE,drift_301
REA_BTS25:FC_D1178,FC,0.0,117.787898962,0.0635,0.0635,REA,BTS25,D1178,FC,FC,Faraday Cup
REA_BTS25:FC_DFT_D1178,DRIFT,-0.03241,117.771693962,0.0635,0.0635,NONE,NONE,NONE,NONE,NONE,drift_303
REA_BTS25:TID_D1178,SD,0.0,117.755488962,0.0635,0.0635,REA,BTS25,D1178,TID,TID,Timing Detector
REA_BTS25:FAVS_D1178,VALVE,0.0,117.755488962,0.0635,0.0635,REA,BTS25,D1178,NONE,FAVS,Sensor fast gate valve
REA_BTS25:FPG_D1178,PORT,0.0,117.755488962,0.0635,0.0635,REA,BTS25,D1178,FPG,FPG,Gauge Foreline Pirani atm-10 Torr
REA_BTS25:PG_D1178,PORT,0.0,117.755488962,0.0635,0.0635,REA,BTS25,D1178,PG,PG,Gauge Beamline Pirani atm-10 Torr
REA_BTS25:CCG_D1178,PORT,0.0,117.755488962,0.0635,0.0635,REA,BTS25,D1178,CCG,CCG,Gauge Beamline Cold cathode (high vacuum)
REA_BTS25:TMP_D1178,PORT,0.0,117.755488962,0.0635,0.0635,REA,BTS25,D1178,TMP,TMP,Pump Turbo
REA_BTS25:FV_D1178,VALVE,0.0,117.755488962,0.0635,0.0635,REA,BTS25,D1178,NONE,FV,Valve Foreline F manifold
REA_BTS25:LT_D1178,PORT,0.0,117.755488962,0.0635,0.0635,REA,BTS25,D1178,LT,LT,Light
REA_BTS25:FV_D1179,VALVE,0.0,117.755488962,0.0635,0.0635,REA,BTS25,D1179,NONE,FV,Valve Foreline R manifold
REA_BTS25:RV_D1178,VALVE,0.0,117.755488962,0.0635,0.0635,REA,BTS25,D1178,NONE,RV,Valve Rough F manifold
REA_BTS25:RV_D1179,VALVE,0.0,117.755488962,0.0635,0.0635,REA,BTS25,D1179,NONE,RV,Valve Rough R manifold
REA_BTS25:VV_D1178,VALVE,0.0,117.755488962,0.0635,0.0635,REA,BTS25,D1178,NONE,VV,Valve Vent
REA_BTS25:TGV_D1178,VALVE,0.0,117.755488962,0.0635,0.0635,REA,BTS25,D1178,NONE,TGV,Valve Turbo Gate
REA_BTS25:TGV_DFT_D1178,DRIFT,0.3004402,117.905709062,0.0635,0.0635,NONE,NONE,NONE,NONE,NONE,drift_318
REA_BTS25:Q_D1181,QUAD,0.15,118.130929162,0.0635,0.0635,REA,BTS25,D1181,QUAD_Q,Q,"Quad, RT, horizontal"
REA_BTS25:Q_DFT_D1181,DRIFT,0.3253864,118.368622362,0.0635,0.0635,NONE,NONE,NONE,NONE,NONE,drift_320
REA_BTS25:Q_D1186,QUAD,0.15,118.606315562,0.0635,0.0635,REA,BTS25,D1186,QUAD_Q,Q,"Quad, RT, vertical"
REA_BTS25:Q_DFT_D1186,DRIFT,0.4004688,118.881549962,0.0635,0.0635,NONE,NONE,NONE,NONE,NONE,drift_322
REA_BTS25:Q_D1192,QUAD,0.15,119.156784362,0.0635,0.0635,REA,BTS25,D1192,QUAD_Q,Q,"Quad, RT, horizontal"
REA_BTS25:Q_DFT_D1192,DRIFT,0.374057730986,119.418813227,0.0635,0.0635,NONE,NONE,NONE,NONE,NONE,drift_324
REA_BTS25:ROT_D1196,ROT,0.0,119.605842093,0.04,0.04,REA,BTS25,D1196,ROT,ROT,"Virtual element for xy rotation 90 deg, FLAME"
REA_BTS25:DV_D1200,BEND,0.75,119.980842093,0.04,0.04,REA,BTS25,D1200,BEND_DV,DV,"Dipole magnet, vertical, RT"
REA_BTS25:ROT_D1204,ROT,0.0,120.355842093,0.04,0.04,REA,BTS25,D1204,ROT,ROT,"Virtual element for xy rotation -90 deg, FLAME"
REA_BTS25:ROT_DFT_D1204_1,DRIFT,0.0193389070434,120.365511546,0.04,0.04,NONE,NONE,NONE,NONE,NONE,drift_328
REA_BTS25:ROT_DFT_D1204_2,DRIFT,0.0,120.375181,0.04,0.04,NONE,NONE,NONE,NONE,NONE,ORIGIN POINT
REA_BTS25:FPG_D1203,PORT,0.0,120.375181,0.04,0.04,REA,BTS25,D1203,FPG,FPG,Gauge Foreline Pirani
REA_BTS25:FPG_D1204,PORT,0.0,120.375181,0.04,0.04,REA,BTS25,D1204,FPG,FPG,Gauge Foreline Pirani
REA_BTS25:FPG_DFT_D1204,DRIFT,0.111889923942,120.431125962,0.04,0.04,NONE,NONE,NONE,NONE,NONE,drift_333
REA_BTS25:BGV_D1205,VALVE,0.035,120.504570924,0.0762,0.0762,REA,BTS25,D1205,NONE,BGV,Beamline Gate Valve
REA_BTS25:BGV_DFT_D1205_1,DRIFT,0.2025656,120.623353724,0.0762,0.0762,NONE,NONE,NONE,NONE,NONE,drift_335
REA_BTS25:BGV_DFT_D1205_2,DRIFT,0.0,120.724636524,0.0762,0.0762,NONE,NONE,NONE,NONE,NONE,BOX11
REA_BTS25:TID_D1207,SD,0.0,120.724636524,0.0762,0.0762,REA,BTS25,D1207,TID,TID,Timing Detector
REA_BTS25:TID_DFT_D1207,DRIFT,-0.035338,120.706967524,0.0762,0.0762,NONE,NONE,NONE,NONE,NONE,drift_339
REA_BTS25:DD_D1207,SLT,0.0,120.689298524,0.0762,0.0762,REA,BTS25,D1207,DD,DD,45deg Slit Drive
REA_BTS25:DD_DFT_D1207,DRIFT,0.000391999999991,120.689494524,0.0762,0.0762,NONE,NONE,NONE,NONE,NONE,drift_341
REA_BTS25:FSD_D1207,SD,0.0,120.689690524,0.0762,0.0762,REA,BTS25,D1207,FSD,FSD,Foil Si Detector
REA_BTS25:FSD_DFT_D1207,DRIFT,0.067356,120.723368524,0.0762,0.0762,NONE,NONE,NONE,NONE,NONE,drift_343
REA_BTS25:FC_D1207,FC,0.0,120.757046524,0.0762,0.0762,REA,BTS25,D1207,FC,FC,Faraday Cup
REA_BTS25:FAVS_D1207,VALVE,0.0,120.757046524,0.0762,0.0762,REA,BTS25,D1207,NONE,FAVS,Sensor fast gate valve
REA_BTS25:FPG_D1207,PORT,0.0,120.757046524,0.0762,0.0762,REA,BTS25,D1207,FPG,FPG,Gauge Foreline Pirani atm-10 Torr
REA_BTS25:PG_D1207,PORT,0.0,120.757046524,0.0762,0.0762,REA,BTS25,D1207,PG,PG,Gauge Beamline Pirani atm-10 Torr
REA_BTS25:CCG_D1207,PORT,0.0,120.757046524,0.0762,0.0762,REA,BTS25,D1207,CCG,CCG,Gauge Beamline Cold cathode (high vacuum)
REA_BTS25:TMP_D1207,PORT,0.0,120.757046524,0.0762,0.0762,REA,BTS25,D1207,TMP,TMP,Pump Turbo
REA_BTS25:FV_D1207,VALVE,0.0,120.757046524,0.0762,0.0762,REA,BTS25,D1207,NONE,FV,Valve Foreline F manifold
REA_BTS25:FV_D1208,VALVE,0.0,120.757046524,0.0762,0.0762,REA,BTS25,D1208,NONE,FV,Valve Foreline R manifold
REA_BTS25:RV_D1207,VALVE,0.0,120.757046524,0.0762,0.0762,REA,BTS25,D1207,NONE,RV,Valve Rough F manifold
REA_BTS25:RV_D1208,VALVE,0.0,120.757046524,0.0762,0.0762,REA,BTS25,D1208,NONE,RV,Valve Rough R manifold
REA_BTS25:VV_D1207,VALVE,0.0,120.757046524,0.0762,0.0762,REA,BTS25,D1207,NONE,VV,Valve Vent
REA_BTS25:TGV_D1207,VALVE,0.0,120.757046524,0.0762,0.0762,REA,BTS25,D1207,NONE,TGV,Valve Turbo Gate
REA_BTS25:TGV_DFT_D1207_1,DRIFT,0.0,120.757046524,0.0762,0.0762,NONE,NONE,NONE,NONE,NONE,6-Way Cross (temporary)
REA_BTS25:TGV_DFT_D1207_2,DRIFT,0.3805686,120.947330824,0.0762,0.0762,NONE,NONE,NONE,NONE,NONE,drift_359
REA_BTS25:TID_D1211,SD,0.0,121.137615124,0.0762,0.0762,REA,BTS25,D1211,TID,TID,Timing Detector
REA_BTS25:FPG_D1203,PORT,0.0,121.137615124,0.0762,0.0762,REA,BTS25,D1203,FPG,FPG,Gauge F manifold  Pirani atm-10 Torr
REA_BTS25:FPG_D1206,PORT,0.0,121.137615124,0.0762,0.0762,REA,BTS25,D1206,FPG,FPG,Gauge R manifold Pirani atm-10 Torr
REA_BTS25:FPG_DFT_D1206,DRIFT,0.731467876058,121.503349062,0.0762,0.0762,NONE,NONE,NONE,NONE,NONE,drift_366
REA_BTS26:DCHV_D1219,COR,0.1,121.919083,0.0635,0.0635,REA,BTS26,D1219,DCHV,DCHV,"Correctors, X-Y, RT"
REA_BTS26:DCH_D1219,HCOR,0.0,121.919083,0.0635,0.0635,REA,BTS26,D1219,DCHV,DCH,horiz. corrector magnet
REA_BTS26:DCV_D1219,VCOR,0.0,121.919083,0.0635,0.0635,REA,BTS26,D1219,DCHV,DCV,vert. corrector magnet
REA_BTS26:DCHV_DFT_D1219,DRIFT,0.08,122.009083,0.0635,0.0635,NONE,NONE,NONE,NONE,NONE,drift_368
REA_BTS26:Q_D1221,QUAD,0.15,122.124083,0.0635,0.0635,REA,BTS26,D1221,QUAD_Q,Q,"Quad, RT, horizontal"
REA_BTS26:Q_DFT_D1221,DRIFT,0.499994,122.44908,0.0635,0.0635,NONE,NONE,NONE,NONE,NONE,drift_370
REA_BTS26:Q_D1228,QUAD,0.15,122.774077,0.0635,0.0635,REA,BTS26,D1228,QUAD_Q,Q,"Quad, RT, vertical"
REA_BTS26:Q_DFT_D1228,DRIFT,1.606001,123.6520775,0.0635,0.0635,NONE,NONE,NONE,NONE,NONE,drift_372
REA_BTS26:Q_D1245,QUAD,0.15,124.530078,0.0635,0.0635,REA,BTS26,D1245,QUAD_Q,Q,"Quad, RT, horizontal"
REA_BTS26:Q_DFT_D1245,DRIFT,0.500005,124.8550805,0.0635,0.0635,NONE,NONE,NONE,NONE,NONE,drift_374
REA_BTS26:Q_D1252,QUAD,0.15,125.180083,0.0635,0.0635,REA,BTS26,D1252,QUAD_Q,Q,"Quad, RT, vertical"
REA_BTS26:Q_DFT_D1252_1,DRIFT,0.0,125.180083,0.0635,0.0635,NONE,NONE,NONE,NONE,NONE,Box 13
REA_BTS26:Q_DFT_D1252_2,DRIFT,0.356275,125.4332205,0.0635,0.0635,NONE,NONE,NONE,NONE,NONE,drift_378
REA_BTS30:VD_D1256,VD,0.0,125.611358,0.0635,0.0635,REA,BTS30,D1256,VD,VD,Viewer Plate
REA_BTS30:VD_DFT_D1256,DRIFT,-0.035338,125.593689,0.0635,0.0635,NONE,NONE,NONE,NONE,NONE,drift_380
REA_BTS30:SLB_D1256,SLT,0.0,125.57602,0.0635,0.0635,REA,BTS30,D1256,SLB,SLB,4 jaw collimator
REA_BTS30:SLL_D1256,SLT,0.0,125.57602,0.0635,0.0635,REA,BTS30,D1256,SLL,SLL,4 jaw collimator
REA_BTS30:SLR_D1256,SLT,0.0,125.57602,0.0635,0.0635,REA,BTS30,D1256,SLR,SLR,4 jaw collimator
REA_BTS30:SLT_D1256,SLT,0.0,125.57602,0.0635,0.0635,REA,BTS30,D1256,SLT,SLT,4 jaw collimator
REA_BTS30:SLT_DFT_D1256,DRIFT,0.4483166,125.8001783,0.0635,0.0635,NONE,NONE,NONE,NONE,NONE,drift_388
REA_BTS30:TID_D1256,SD,0.0,126.0243366,0.0635,0.0635,REA,BTS30,D1256,TID,TID,RIB diag. (diamond)
REA_BTS30:TID_DFT_D1256,DRIFT,-0.1970766,125.9257983,0.0635,0.0635,NONE,NONE,NONE,NONE,NONE,drift_390
REA_BTS30:DD_D1256,SLT,0.0,125.82726,0.0635,0.0635,REA,BTS30,D1256,DD,DD,45 deg Slit Drive
REA_BTS30:FC_D1256,FC,0.0,125.82726,0.0635,0.0635,REA,BTS30,D1256,FC,FC,Faraday Cup
REA_BTS30:FC_DFT_D1256,DRIFT,1.142822,126.398671,0.0635,0.0635,NONE,NONE,NONE,NONE,NONE,drift_394
REA_BTS30:DCHV_D1270,COR,0.1,127.020082,0.0635,0.0635,REA,BTS30,D1270,DCHV,DCHV,"Correctors, X-Y, RT"
REA_BTS30:DCH_D1270,HCOR,0.0,127.020082,0.0635,0.0635,REA,BTS30,D1270,DCHV,DCH,horiz. corrector magnet
REA_BTS30:DCV_D1270,VCOR,0.0,127.020082,0.0635,0.0635,REA,BTS30,D1270,DCHV,DCV,vert. corrector magnet
REA_BTS30:DCHV_DFT_D1270,DRIFT,0.08,127.110082,0.0635,0.0635,NONE,NONE,NONE,NONE,NONE,drift_396
REA_BTS30:Q_D1272,QUAD,0.15,127.225082,0.0635,0.0635,REA,BTS30,D1272,QUAD_Q,Q,"Quad, RT, horizontal"
REA_BTS30:Q_DFT_D1272,DRIFT,0.185,127.392582,0.0635,0.0635,NONE,NONE,NONE,NONE,NONE,drift_398
REA_BTS30:Q_D1275,QUAD,0.15,127.560082,0.0635,0.0635,REA,BTS30,D1275,QUAD_Q,Q,"Quad, RT, vertical"
REA_BTS30:Q_DFT_D1275,DRIFT,0.464998,127.867581,0.0635,0.0635,NONE,NONE,NONE,NONE,NONE,drift_400
REA_BTS30:Q_D1281,QUAD,0.15,128.17508,0.0635,0.0635,REA,BTS30,D1281,QUAD_Q,Q,"Quad, RT, vertical"
REA_BTS30:Q_DFT_D1281,DRIFT,0.185003,128.3425815,0.0635,0.0635,NONE,NONE,NONE,NONE,NONE,drift_402
REA_BTS30:Q_D1285,QUAD,0.15,128.510083,0.0635,0.0635,REA,BTS30,D1285,QUAD_Q,Q,"Quad, RT, horizontal"
REA_BTS30:Q_DFT_D1285_1,DRIFT,0.284514,128.72734,0.0635,0.0635,NONE,NONE,NONE,NONE,NONE,drift_404
REA_BTS30:Q_DFT_D1285_2,DRIFT,0.0,128.869597,0.0635,0.0635,NONE,NONE,NONE,NONE,NONE,Box 14
REA_BTS30:Q_DFT_D1285_3,DRIFT,0.324005,129.0315995,0.0635,0.0635,NONE,NONE,NONE,NONE,NONE,drift_406
REA_BTS30:DH_D1296,BEND,0.75,129.568602,0.04,0.04,REA,BTS30,D1296,BEND_DH,DH,"Dipole magnet, horizontal, RT"
REA_BTS30:DH_DFT_D1296,DRIFT,0.1879429,130.03757345,0.04,0.04,NONE,NONE,NONE,NONE,NONE,drift_408
REA_BTS30:BGV_D1301,VALVE,0.035,130.1490449,0.0762,0.0762,REA,BTS30,D1301,NONE,BGV,Beamline Gate Valve
REA_BTS30:BGV_DFT_D1301,DRIFT,0.2020671,130.26757845,0.0762,0.0762,NONE,NONE,NONE,NONE,NONE,drift_410
REA_BTS30:DCHV_D1305,COR,0.1,130.418612,0.0635,0.0635,REA,BTS30,D1305,DCHV,DCHV,"Correctors, X-Y, RT"
REA_BTS30:DCH_D1305,HCOR,0.0,130.418612,0.0635,0.0635,REA,BTS30,D1305,DCHV,DCH,horiz. corrector magnet
REA_BTS30:DCV_D1305,VCOR,0.0,130.418612,0.0635,0.0635,REA,BTS30,D1305,DCHV,DCV,vert. corrector magnet
REA_BTS30:DCHV_DFT_D1305,DRIFT,0.165,130.551112,0.0635,0.0635,NONE,NONE,NONE,NONE,NONE,drift_412
REA_BTS30:Q_D1307,QUAD,0.15,130.708612,0.0635,0.0635,REA,BTS30,D1307,QUAD_Q,Q,"Quad, RT, vertical"
REA_BTS30:Q_DFT_D1307,DRIFT,0.22,130.893612,0.0635,0.0635,NONE,NONE,NONE,NONE,NONE,drift_414
REA_BTS30:Q_D1310,QUAD,0.15,131.078612,0.0635,0.0635,REA,BTS30,D1310,QUAD_Q,Q,"Quad, RT, horizontal"
REA_BTS30:Q_DFT_D1310_1,DRIFT,0.0,131.078612,0.0635,0.0635,NONE,NONE,NONE,NONE,NONE,Box 15
REA_BTS30:Q_DFT_D1310_2,DRIFT,0.3241,131.315662,0.0635,0.0635,NONE,NONE,NONE,NONE,NONE,drift_418
REA_BTS30:SLL_D1316,SLT,0.0,131.477712,0.0635,0.0635,REA,BTS30,D1316,SLL,SLL,Horizontal Slit
REA_BTS30:SLR_D1316,SLT,0.0,131.477712,0.0635,0.0635,REA,BTS30,D1316,SLR,SLR,Horizontal Slit
REA_BTS30:VD_D1316,VD,0.0,131.477712,0.0635,0.0635,REA,BTS30,D1316,VD,VD,Viewer Plate
REA_BTS30:VD_DFT_D1316,DRIFT,0.2159,131.585662,0.0635,0.0635,NONE,NONE,NONE,NONE,NONE,drift_424
REA_BTS30:TID_D1316,SD,0.0,131.693612,0.0635,0.0635,REA,BTS30,D1316,TID,TID,Timing Detector
REA_BTS30:PG_D1316,PORT,0.0,131.693612,0.0635,0.0635,REA,BTS30,D1316,PG,PG,Gauge Beamline Pirani atm-10 Torr
REA_BTS30:FPG_D1316,PORT,0.0,131.693612,0.0635,0.0635,REA,BTS30,D1316,FPG,FPG,Gauge Foreline Pirani atm-10 Torr
REA_BTS30:CCG_D1316,PORT,0.0,131.693612,0.0635,0.0635,REA,BTS30,D1316,CCG,CCG,Gauge Beamline Cold cathode (high vacuum)
REA_BTS30:TMP_D1316,PORT,0.0,131.693612,0.0635,0.0635,REA,BTS30,D1316,TMP,TMP,Pump Turbo
REA_BTS30:FV_D1316,VALVE,0.0,131.693612,0.0635,0.0635,REA,BTS30,D1316,NONE,FV,Valve Foreline F manifold
REA_BTS30:VV_D1316,VALVE,0.0,131.693612,0.0635,0.0635,REA,BTS30,D1316,NONE,VV,Valve Vent
REA_BTS30:TGV_D1316,VALVE,0.0,131.693612,0.0635,0.0635,REA,BTS30,D1316,NONE,TGV,Valve Turbo Gate
REA_BTS30:TGV_DFT_D1316,DRIFT,0.54,131.963612,0.0635,0.0635,NONE,NONE,NONE,NONE,NONE,drift_434
REA_BTS30:Q_D1323,QUAD,0.15,132.308612,0.0635,0.0635,REA,BTS30,D1323,QUAD_Q,Q,"Quad, RT, horizontal"
REA_BTS30:Q_DFT_D1323,DRIFT,0.22,132.493612,0.0635,0.0635,NONE,NONE,NONE,NONE,NONE,drift_436
REA_BTS30:Q_D1327,QUAD,0.15,132.678612,0.0635,0.0635,REA,BTS30,D1327,QUAD_Q,Q,"Quad, RT, vertical"
REA_BTS30:Q_DFT_D1327,DRIFT,0.69001,133.098617,0.0635,0.0635,NONE,NONE,NONE,NONE,NONE,drift_438
REA_BTS30:DH_D1338,BEND,0.75,133.818622,0.04,0.04,REA,BTS30,D1338,BEND_DH,DH,"Dipole magnet, horizontal, RT"
REA_BTS30:DH_DFT_D1338,DRIFT,0.28001,134.333627,0.04,0.04,NONE,NONE,NONE,NONE,NONE,drift_440
REA_BTS30:DCHV_D1345,COR,0.1,134.523632,0.0635,0.0635,REA,BTS30,D1345,DCHV,DCHV,"Correctors, X-Y, RT"
REA_BTS30:DCH_D1345,HCOR,0.0,134.523632,0.0635,0.0635,REA,BTS30,D1345,DCHV,DCH,horiz. corrector magnet
REA_BTS30:DCV_D1345,VCOR,0.0,134.523632,0.0635,0.0635,REA,BTS30,D1345,DCHV,DCV,vert. corrector magnet
REA_BTS30:DCHV_DFT_D1345,DRIFT,0.165,134.656132,0.0635,0.0635,NONE,NONE,NONE,NONE,NONE,drift_442
REA_BTS30:Q_D1346,QUAD,0.15,134.813632,0.0635,0.0635,REA,BTS30,D1346,QUAD_Q,Q,"Quad, RT, horizontal"
REA_BTS30:Q_DFT_D1346,DRIFT,0.19,134.983632,0.0635,0.0635,NONE,NONE,NONE,NONE,NONE,drift_444
REA_BTS30:Q_D1351,QUAD,0.15,135.153632,0.0635,0.0635,REA,BTS30,D1351,QUAD_Q,Q,"Quad, RT, vertical"
REA_BTS30:Q_DFT_D1351_1,DRIFT,0.274059,135.3656615,0.0635,0.0635,NONE,NONE,NONE,NONE,NONE,drift_446
REA_BTS30:Q_DFT_D1351_2,DRIFT,0.0,135.502691,0.0635,0.0635,NONE,NONE,NONE,NONE,NONE,Box 16
REA_BTS30:FC_D1355,FC,0.0,135.502691,0.0635,0.0635,REA,BTS30,D1355,FC,FC,Faraday Cup
REA_BTS30:FC_DFT_D1355,DRIFT,0.340942,135.673162,0.0635,0.0635,NONE,NONE,NONE,NONE,NONE,drift_451
REA_BTS30:DH_D1362,BEND,0.75,136.218633,0.04,0.04,REA,BTS30,D1362,BEND_DH,DH,"Dipole magnet, horizontal, RT"
REA_BTS30:DH_DFT_D1362,DRIFT,0.250001,136.7186335,0.04,0.04,NONE,NONE,NONE,NONE,NONE,drift_453
REA_BTS32:Q_D1369,QUAD,0.15,136.918634,0.0635,0.0635,REA,BTS32,D1369,QUAD_Q,Q,"Quad, RT, vertical"
REA_BTS32:Q_DFT_D1369,DRIFT,0.625,137.306134,0.0635,0.0635,NONE,NONE,NONE,NONE,NONE,drift_455
REA_BTS32:DH_D1376,BEND,0.5479379,137.89260295,0.04,0.04,REA,BTS32,D1376,BEND_DH,DH,"Dipole magnet, horizontal, RT"
REA_BTS33:BGV_D1381,VALVE,0.035,138.1840719,0.0762,0.0762,REA,BTS33,D1381,NONE,BGV,Beamline Gate Valve
REA_BTS33:BGV_DFT_D1381,DRIFT,0.2020671,138.30260545,0.0762,0.0762,NONE,NONE,NONE,NONE,NONE,drift_461
REA_BTS33:DCHV_D1385,COR,0.1,138.453639,0.0635,0.0635,REA,BTS33,D1385,DCHV,DCHV,"Correctors, X-Y, RT"
REA_BTS33:DCH_D1385,HCOR,0.0,138.453639,0.0635,0.0635,REA,BTS33,D1385,DCHV,DCH,horiz. corrector magnet
REA_BTS33:DCV_D1385,VCOR,0.0,138.453639,0.0635,0.0635,REA,BTS33,D1385,DCHV,DCV,vert. corrector magnet
REA_BTS33:DCHV_DFT_D1385,DRIFT,0.24,138.623639,0.0635,0.0635,NONE,NONE,NONE,NONE,NONE,drift_463
REA_BTS33:Q_D1388,QUAD,0.15,138.818639,0.0635,0.0635,REA,BTS33,D1388,QUAD_Q,Q,"Quad, RT, vertical"
REA_BTS33:Q_DFT_D1388,DRIFT,0.5,139.143639,0.0635,0.0635,NONE,NONE,NONE,NONE,NONE,drift_465
REA_BTS33:Q_D1395,QUAD,0.15,139.468639,0.0635,0.0635,REA,BTS33,D1395,QUAD_Q,Q,"Quad, RT, horizontal"
REA_BTS33:Q_DFT_D1395,DRIFT,0.804292,139.945785,0.0635,0.0635,NONE,NONE,NONE,NONE,NONE,drift_467
REA_BTS33:DCHV_D1404,COR,0.1,140.397931,0.0635,0.0635,REA,BTS33,D1404,DCHV,DCHV,"Correctors, X-Y, RT"
REA_BTS33:DCH_D1404,HCOR,0.0,140.397931,0.0635,0.0635,REA,BTS33,D1404,DCHV,DCH,horiz. corrector magnet
REA_BTS33:DCV_D1404,VCOR,0.0,140.397931,0.0635,0.0635,REA,BTS33,D1404,DCHV,DCV,vert. corrector magnet
REA_BTS33:DCHV_DFT_D1404_1,DRIFT,0.35,140.622931,0.0635,0.0635,NONE,NONE,NONE,NONE,NONE,drift_469
REA_BTS33:DCHV_DFT_D1404_2,DRIFT,0.0,140.797931,0.0635,0.0635,NONE,NONE,NONE,NONE,NONE,Box 17
REA_BTS33:AP_D1408,AP,0.0,140.797931,0.0635,0.0635,REA,BTS33,D1408,AP,AP,Aperture
REA_BTS33:PG_D1408,PORT,0.0,140.797931,0.0635,0.0635,REA,BTS33,D1408,PG,PG,Gauge Beamline Pirani atm-10 Torr
REA_BTS33:FPG_D1408,PORT,0.0,140.797931,0.0635,0.0635,REA,BTS33,D1408,FPG,FPG,Gauge Foreline Pirani atm-10 Torr
REA_BTS33:CCG_D1408,PORT,0.0,140.797931,0.0635,0.0635,REA,BTS33,D1408,CCG,CCG,Gauge Beamline Cold cathode (high vacuum)
REA_BTS33:TMP_D1408,PORT,0.0,140.797931,0.0635,0.0635,REA,BTS33,D1408,TMP,TMP,Pump Turbo
REA_BTS33:FV_D1408,VALVE,0.0,140.797931,0.0635,0.0635,REA,BTS33,D1408,NONE,FV,Valve Foreline F manifold
REA_BTS33:VV_D1408,VALVE,0.0,140.797931,0.0635,0.0635,REA,BTS33,D1408,NONE,VV,Valve Vent
REA_BTS33:TGV_D1408,VALVE,0.0,140.797931,0.0635,0.0635,REA,BTS33,D1408,NONE,TGV,Valve Turbo Gate
REA_BTS33:TGV_DFT_D1408,DRIFT,0.297852,140.946857,0.0635,0.0635,NONE,NONE,NONE,NONE,NONE,drift_480
REA_BTS33:Q_D1411,QUAD,0.15,141.170783,0.0635,0.0635,REA,BTS33,D1411,QUAD_Q,Q,"Quad, RT, horizontal"
REA_BTS33:Q_DFT_D1411,DRIFT,0.250004,141.370785,0.0635,0.0635,NONE,NONE,NONE,NONE,NONE,drift_482
REA_BTS33:Q_D1415,QUAD,0.15,141.570787,0.0635,0.0635,REA,BTS33,D1415,QUAD_Q,Q,"Quad, RT, vertical"
REA_BTS33:Q_DFT_D1415_1,DRIFT,0.0,141.570787,0.0635,0.0635,NONE,NONE,NONE,NONE,NONE,Box 18
REA_BTS33:Q_DFT_D1415_2,DRIFT,0.299991,141.7957825,0.0635,0.0635,NONE,NONE,NONE,NONE,NONE,drift_486
REA_BTS33:FC_D1420,FC,0.0,141.945778,0.0635,0.0635,REA,BTS33,D1420,FC,FC,Faraday Cup
REA_BTS33:TID_D1420,SD,0.0,141.945778,0.0635,0.0635,REA,BTS33,D1420,TID,TID,Timing Detector
REA_BTS33:AP_D1420,AP,0.0,141.945778,0.0635,0.0635,REA,BTS33,D1420,AP,AP,Aperture
REA_BTS33:AP_DFT_D1420,DRIFT,0.215896,142.053726,0.0635,0.0635,NONE,NONE,NONE,NONE,NONE,drift_492
REA_BTS33:VD_D1420,VD,0.0,142.161674,0.0635,0.0635,REA,BTS33,D1420,VD,VD,Viewer Plate
REA_BTS33:FAVS_D1420,VALVE,0.0,142.161674,0.0635,0.0635,REA,BTS33,D1420,NONE,FAVS,Sensor fast gate valve
REA_BTS33:FAVS_DFT_D1420,DRIFT,0.506228830986,142.414788415,0.0635,0.0635,NONE,NONE,NONE,NONE,NONE,drift_495
REA_BTS33:BGV_D1422,VALVE,0.035,142.685402831,0.0762,0.0762,REA,BTS33,D1422,NONE,BGV,Beamline Gate Valve
